favorite_count,retweet_count,tweet_id
36229.0,7711.0,892420643555336193
31249.0,5699.0,892177421306343426
23525.0,3778.0,891815181378084864
39530.0,7874.0,891689557279858688
37734.0,8483.0,891327558926688256
19005.0,2844.0,891087950875897856
11074.0,1849.0,890971913173991426
61034.0,17201.0,890729181411237888
26167.0,3914.0,890609185150312448
29909.0,6698.0,890240255349198849
28785.0,6679.0,890006608113172480
26190.0,4551.0,889880896479866881
45091.0,9127.0,889665388333682689
25383.0,4092.0,889638837579907072
14203.0,2058.0,889531135344209921
23646.0,4861.0,889278841981685760
27307.0,4104.0,888917238123831296
24007.0,3872.0,888804989199671297
18534.0,3177.0,888554962724278272
18534.0,3177.0,888554962724278272
20442.0,3161.0,888078434458587136
28388.0,4913.0,887705289381826560
43526.0,10744.0,887517139158093824
64513.0,16420.0,887473957103951883
31593.0,9555.0,887343217045368832
28734.0,5444.0,887101392804085760
32786.0,7002.0,886983233522544640
11246.0,2934.0,886736880519319552
21086.0,4082.0,886680336477933568
19844.0,2893.0,886366144734445568
111.0,4.0,886267009285017600
26272.0,5766.0,886258384151887873
0.0,100.0,886054160059072513
30571.0,6129.0,885984800019947520
33728.0,5832.0,885528943205470208
19233.0,3406.0,885518971528720385
0.0,16903.0,885311592912609280
20548.0,3992.0,885167619883638784
72373.0,16514.0,884925521741709313
26143.0,5096.0,884876753390489601
22804.0,4292.0,884562892145688576
25428.0,5200.0,884441805382717440
68149.0,18539.0,884247878851493888
19146.0,2733.0,884162670584377345
20516.0,3137.0,883838122936631299
43014.0,9021.0,883482846933004288
21277.0,3379.0,883360690899218434
34818.0,6059.0,883117836046086144
22422.0,3557.0,882992080364220416
26541.0,4465.0,882762694511734784
26278.0,5550.0,882627270321602560
42068.0,10562.0,882268110199369728
27510.0,4463.0,882045870035918850
22838.0,3105.0,881906580714921986
47550.0,9749.0,881666595344535552
118.0,7.0,881633300179243008
46422.0,14581.0,881536004380872706
21815.0,4815.0,881268444196462592
16038.0,2549.0,880935762899988482
19981.0,3496.0,880872448815771648
26749.0,5679.0,880465832366813184
25327.0,3804.0,880221127280381952
25923.0,3965.0,880095782870896641
21010.0,3201.0,879862464715927552
297.0,10.0,879674319642796034
22051.0,2910.0,879492040517615616
99328.0,40626.0,879415818425184262
15787.0,2860.0,879376492567855104
0.0,6223.0,879130579576475649
21157.0,4290.0,879050749262655488
17855.0,2453.0,879008229531029506
18192.0,3741.0,878776093423087618
28311.0,6497.0,878604707211726852
0.0,1179.0,878404777348136964
0.0,6097.0,878316110768087041
7268.0,1179.0,878281511006478336
39574.0,6223.0,878057613040115712
74568.0,17347.0,877736472329191424
0.0,73.0,877611172832227328
21336.0,3491.0,877556246731214848
25763.0,4768.0,877316821321428993
25483.0,5115.0,877201837425926144
19473.0,3052.0,876838120628539392
22240.0,4300.0,876537666061221889
17657.0,2173.0,876484053909872640
26322.0,4282.0,876120275196170240
23679.0,3913.0,875747767867523072
20628.0,4512.0,875144289856114688
25835.0,5578.0,875097192612077568
24004.0,4336.0,875021211251597312
26182.0,4250.0,874680097055178752
0.0,13352.0,874434818259525634
24545.0,3771.0,874296783580663808
21406.0,3658.0,874057562936811520
32318.0,9422.0,874012996292530176
32318.0,9422.0,874012996292530176
22842.0,3618.0,873580283840344065
0.0,1470.0,873337748698140672
6758.0,1470.0,873213775632977920
25722.0,4992.0,872967104147763200
13917.0,3430.0,872820683541237760
13917.0,3430.0,872820683541237760
19557.0,3358.0,872620804844003328
38496.0,8337.0,872486979161796608
38496.0,8337.0,872486979161796608
32431.0,7471.0,872122724285648897
35518.0,10145.0,871879754684805121
19127.0,3226.0,871762521631449091
19086.0,3217.0,871515927908634625
0.0,5286.0,871166179821445120
19811.0,5106.0,871102520638267392
21518.0,3542.0,871032628920680449
31853.0,5730.0,870804317367881728
115.0,3.0,870726314365509632
11708.0,2452.0,870656317836468226
78625.0,24553.0,870374049280663552
20769.0,3854.0,870308999962521604
34634.0,7710.0,870063196459192321
34634.0,7710.0,870063196459192321
40350.0,9396.0,869772420881756160
26803.0,5859.0,869702957897576449
15141.0,2905.0,869596645499047938
19390.0,3516.0,869227993411051520
62132.0,13434.0,868880397819494401
0.0,1937.0,868639477480148993
25367.0,4938.0,868622495443632128
9579.0,1937.0,868552278524837888
23027.0,3898.0,867900495410671616
32330.0,6863.0,867774946302451713
15312.0,2326.0,867421006826221569
0.0,112.0,867072653475098625
30684.0,7362.0,867051520902168576
30684.0,7362.0,867051520902168576
19100.0,4487.0,866720684873056260
18375.0,3269.0,866686824827068416
116471.0,32965.0,866450705531457537
49973.0,13352.0,866334964761202691
0.0,7852.0,866094527597207552
24485.0,5268.0,865718153858494464
25272.0,4698.0,865359393868664832
26745.0,7225.0,865006731092295680
30822.0,8158.0,864873206498414592
13934.0,2839.0,864279568663928832
28672.0,8329.0,864197398364647424
19688.0,3894.0,863907417377173506
14603.0,3941.0,863553081350529029
0.0,2288.0,863471782782697472
22760.0,4945.0,863432100342583297
2107.0,89.0,863427515083354112
8411.0,1047.0,863079547188785154
8102.0,2288.0,863062471531167744
18391.0,4857.0,862831371563274240
16381.0,3341.0,862722525377298433
19602.0,4655.0,862457590147678208
71180.0,21851.0,862096992088072192
71180.0,21851.0,862096992088072192
34608.0,10121.0,861383897657036800
16488.0,3913.0,861288531465048066
16034.0,3610.0,861005113778896900
0.0,2033.0,860981674716409858
0.0,759.0,860924035999428608
7196.0,2033.0,860563773140209665
22704.0,5036.0,860524505164394496
17665.0,3326.0,860276583193509888
16046.0,5548.0,860184849394610176
0.0,29346.0,860177593139703809
18846.0,3898.0,859924526012018688
14842.0,3334.0,859851578198683649
17935.0,1487.0,859607811541651456
86575.0,28654.0,859196978902773760
32585.0,12969.0,859074603037188101
0.0,7723.0,858860390427611136
15028.0,3320.0,858843525470990336
20745.0,4630.0,858471635011153920
15210.0,2771.0,858107933456039936
15543.0,2479.0,857989990357356544
33108.0,10149.0,857746408056729600
5692.0,1571.0,857393404942143489
19404.0,4323.0,857263160327368704
218.0,17.0,857214891891077121
0.0,162.0,857062103051644929
18251.0,3816.0,857029823797047296
18251.0,3816.0,857029823797047296
15825.0,2769.0,856543823941562368
11506.0,1801.0,856526610513747968
0.0,646.0,856330835276025856
499.0,15.0,856288084350160898
26917.0,6041.0,856282028240666624
328.0,25.0,855862651834028034
4782.0,938.0,855860136149123072
11531.0,2032.0,855857698524602368
44437.0,17354.0,855851453814013952
25915.0,5227.0,855818117272018944
29022.0,7925.0,855459453768019968
0.0,5753.0,855245323840757760
0.0,43.0,855138241867124737
22178.0,5859.0,854732716440526848
28585.0,6649.0,854482394044301312
18423.0,4539.0,854365224396361728
31235.0,7233.0,854120357044912130
15851.0,3055.0,854010172552949760
27929.0,5568.0,853760880890318849
33916.0,9751.0,853639147608842240
15159.0,3458.0,853299958564483072
0.0,1939.0,852936405516943360
8847.0,1765.0,852912242202992640
14604.0,2102.0,852672615818899456
15980.0,3383.0,852553447878664193
32524.0,9693.0,852311364735569921
19617.0,6679.0,852226086759018497
11254.0,1553.0,852189679701164033
11254.0,1553.0,852189679701164033
0.0,19.0,851861385021730816
15985.0,3399.0,851591660324737024
23844.0,6896.0,851464819735769094
20346.0,5607.0,851224888060895234
30324.0,8935.0,850753642995093505
12900.0,2554.0,850380195714523136
3405.0,322.0,850333567704068097
16086.0,3714.0,850145622816686080
20114.0,4777.0,850019790995546112
30013.0,7444.0,849776966551130114
0.0,4864.0,849668094696017920
15648.0,3101.0,849412302885593088
11271.0,1867.0,849336543269576704
41795.0,8333.0,849051919805034497
24878.0,4246.0,848690551926992896
24407.0,4543.0,848324959059550208
8081.0,720.0,848213670039564288
16135.0,2991.0,848212111729840128
0.0,3209.0,847978865427394560
0.0,425.0,847971574464610304
23256.0,5000.0,847962785489326080
5388.0,1313.0,847842811428974592
6917.0,408.0,847617282490613760
18569.0,3379.0,847606175596138505
20293.0,4255.0,847251039262605312
19694.0,5764.0,847157206088847362
21263.0,3135.0,847116187444137987
19911.0,3879.0,846874817362120707
44236.0,11406.0,846514051647705089
13986.0,3031.0,846505985330044928
31355.0,8929.0,846153765933735936
30796.0,9894.0,846139713627017216
15853.0,2834.0,846042936437604353
29004.0,8599.0,845812042753855489
25002.0,4740.0,845677943972139009
25002.0,4740.0,845677943972139009
7584.0,1785.0,845397057150107648
23167.0,5332.0,845306882940190720
0.0,7573.0,845098359547420673
13550.0,2530.0,844979544864018432
14981.0,3157.0,844973813909606400
14981.0,3157.0,844973813909606400
16375.0,3099.0,844580511645339650
13568.0,2179.0,844223788422217728
15106.0,2919.0,843981021012017153
21347.0,4579.0,843856843873095681
16792.0,2724.0,843604394117681152
21414.0,5980.0,843235543001513987
21414.0,5980.0,843235543001513987
15227.0,3613.0,842846295480000512
6704.0,1271.0,842765311967449089
18032.0,3481.0,842535590457499648
24358.0,5753.0,842163532590374912
13937.0,3013.0,842115215311396866
0.0,14986.0,841833993020538882
25652.0,7771.0,841680585030541313
12623.0,3669.0,841439858740625411
19753.0,5478.0,841320156043304961
15805.0,4628.0,841314665196081154
22824.0,5286.0,841077006473256960
0.0,1759.0,840761248237133825
0.0,16065.0,840728873075638272
174.0,2.0,840698636975636481
12271.0,968.0,840696689258311684
8990.0,1759.0,840632337062862849
16434.0,4521.0,840370681858686976
19225.0,5705.0,840268004936019968
13406.0,2270.0,839990271299457024
27448.0,7723.0,839549326359670784
0.0,143.0,839290600511926273
27099.0,6516.0,839239871831150596
19642.0,3991.0,838952994649550848
11154.0,2060.0,838921590096166913
0.0,35.0,838916489579200512
0.0,10983.0,838831947270979586
10946.0,1335.0,838561493054533637
22523.0,4768.0,838476387338051585
0.0,10049.0,838201503651401729
1677.0,332.0,838150277551247360
140.0,1.0,838085839343206401
17643.0,3134.0,838083903487373313
34164.0,7852.0,837820167694528512
3854.0,442.0,837482249356513284
12830.0,2275.0,837471256429613056
12830.0,2275.0,837471256429613056
16097.0,2366.0,837110210464448512
16097.0,2366.0,837110210464448512
12794.0,2294.0,836989968035819520
19358.0,4646.0,836753516572119041
12640.0,2229.0,836677758902222849
0.0,555.0,836648853927522308
0.0,27530.0,836397794269200385
14790.0,2994.0,836380477523124226
21363.0,4310.0,836260088725786625
19132.0,4269.0,836001077879255040
0.0,8143.0,835685285446955009
17833.0,3629.0,835574547218894849
0.0,1703.0,835536468978302976
0.0,20983.0,835309094223372289
16520.0,3024.0,835297930240217089
7761.0,1703.0,835264098648616962
2108.0,73.0,835246439529840640
26254.0,5783.0,835172783151792128
22483.0,3025.0,835152434251116546
10843.0,1650.0,834931633769889797
21416.0,5512.0,834786237630337024
13708.0,2545.0,834574053763584002
0.0,10686.0,834477809192075265
9655.0,1691.0,834458053273591808
20682.0,4770.0,834209720923721728
15887.0,3672.0,834167344700198914
10099.0,2147.0,834089966724603904
13131.0,2218.0,834086379323871233
13484.0,2419.0,833863086058651648
18123.0,3790.0,833826103416520705
0.0,222.0,833732339549220864
20895.0,3235.0,833722901757046785
14907.0,2062.0,833479644947025920
20300.0,4864.0,833124694597443584
13331.0,2215.0,832998151111966721
0.0,39.0,832769181346996225
16945.0,3646.0,832757312314028032
11938.0,2934.0,832682457690300417
2947.0,532.0,832645525019123713
15928.0,2804.0,832636094638288896
12022.0,2230.0,832397543355072512
17268.0,3209.0,832369877331693569
11408.0,2352.0,832273440279240704
0.0,6239.0,832215909146226688
0.0,9395.0,832215726631055365
62.0,2.0,832088576586297345
0.0,9685.0,832040443403784192
17976.0,4683.0,832032802820481025
24145.0,6174.0,831939777352105988
338.0,34.0,831926988323639298
27795.0,6550.0,831911600680497154
10507.0,1835.0,831670449226514432
7194.0,1939.0,831650051525054464
9038.0,2326.0,831552930092285952
9326.0,1564.0,831322785565769729
6588.0,1135.0,831315979191906304
11832.0,2482.0,831309418084069378
11992.0,2065.0,831262627380748289
8033.0,1508.0,830956169170665475
67335.0,16904.0,830583320585068544
0.0,5725.0,830173239259324417
9878.0,2973.0,830097400375152640
0.0,5058.0,829878982036299777
12322.0,1965.0,829861396166877184
31992.0,10686.0,829501995190984704
10534.0,2041.0,829449946868879360
10534.0,2041.0,829449946868879360
24594.0,7412.0,829141528400556032
53501.0,16432.0,829011960981237760
0.0,3446.0,828801551087042563
25781.0,5921.0,828770345708580865
36790.0,11275.0,828708714936930305
9585.0,1363.0,828650029636317184
6402.0,1174.0,828409743546925057
7732.0,1304.0,828408677031882754
12692.0,2232.0,828381636999917570
7445.0,1082.0,828376505180889089
12655.0,2969.0,828372645993398273
2215.0,173.0,828361771580813312
11847.0,2897.0,828046555563323392
10438.0,2168.0,828011680017821696
20284.0,5298.0,827933404142436356
15621.0,3042.0,827653905312006145
7510.0,953.0,827600520311402496
16004.0,3083.0,827324948884643840
16004.0,3083.0,827324948884643840
10679.0,2242.0,827199976799354881
21777.0,5058.0,826958653328592898
36705.0,10275.0,826848821049180160
0.0,4030.0,826615380357632002
5162.0,255.0,826598799820865537
10143.0,2369.0,826598365270007810
18593.0,4236.0,826476773533745153
13430.0,2637.0,826240494070030336
4927.0,935.0,826204788643753985
15816.0,3172.0,826115272272650244
10582.0,1895.0,825876512159186944
12854.0,2518.0,825829644528148480
57381.0,17720.0,825535076884762624
18506.0,4599.0,825147591692263424
0.0,1278.0,825120256414846976
6377.0,1278.0,825026590719483904
0.0,5560.0,824796380199809024
15094.0,3564.0,824775126675836928
10633.0,1790.0,824663926340194305
11959.0,10640.0,824325613288833024
15232.0,3918.0,824297048279236611
4879.0,605.0,824025158776213504
10745.0,2741.0,823939628516474880
0.0,11345.0,823719002937630720
14154.0,2553.0,823699002998870016
13180.0,2660.0,823581115634085888
706.0,25.0,823333489516937216
15912.0,4084.0,823322678127919110
0.0,10024.0,823269594223824897
17503.0,3498.0,822975315408461824
133119.0,43848.0,822872901745569793
13443.0,2314.0,822859134160621569
0.0,6497.0,822647212903690241
15004.0,2999.0,822610361945911296
18383.0,6497.0,822489057087389700
28404.0,14521.0,822462944365645825
35392.0,10024.0,822244816520155136
0.0,4844.0,822163064745328640
11467.0,2351.0,821886076407029760
0.0,3400.0,821813639212650496
8514.0,1678.0,821765923262631936
8137.0,1791.0,821522889702862852
0.0,5678.0,821421320206483457
11932.0,4408.0,821407182352777218
259.0,10.0,821153421864615936
8763.0,2021.0,821149554670182400
9725.0,2166.0,821107785811234820
12820.0,2314.0,821044531881721856
0.0,6836.0,820837357901512704
31993.0,10049.0,820749716845686786
12376.0,3282.0,820690176645140481
0.0,572.0,820494788566847489
0.0,2606.0,820446719150292993
3392.0,572.0,820314633777061888
20097.0,6393.0,820078625395449857
0.0,1195.0,820013781606658049
5407.0,1195.0,819952236453363712
13075.0,4943.0,819924195358416896
13591.0,3166.0,819711362133872643
9770.0,2020.0,819588359383371776
7320.0,1227.0,819347104292290561
2304.0,412.0,819238181065359361
23414.0,6836.0,819227688460238848
0.0,37422.0,819015337530290176
0.0,19253.0,819015331746349057
45938.0,19253.0,819006400881917954
88136.0,37422.0,819004803107983360
0.0,21359.0,818646164899774465
22739.0,7663.0,818627210458333184
9993.0,2609.0,818614493328580609
0.0,6259.0,818588835076603904
11061.0,2503.0,818536468981415936
0.0,8233.0,818307523543449600
11190.0,2308.0,818259473185828864
12484.0,2616.0,818145370475810820
4936.0,818.0,817908911860748288
52490.0,27530.0,817827839487737858
10912.0,2738.0,817777686764523521
11957.0,3020.0,817536400337801217
0.0,3452.0,817502432452313088
34396.0,14986.0,817423860136083457
5695.0,970.0,817415592588222464
0.0,8612.0,817181837579653120
8916.0,2059.0,817171292965273600
12409.0,2647.0,817120970343411712
8734.0,1675.0,817056546584727552
0.0,4791.0,816829038950027264
10185.0,2077.0,816816676327063552
9963.0,2236.0,816697700272001025
30971.0,8233.0,816450570814898180
8744.0,1980.0,816336735214911488
9077.0,2184.0,816091915477250048
0.0,1041.0,816062466425819140
0.0,5379.0,816014286006976512
5038.0,1041.0,815990720817401858
22793.0,8612.0,815966073409433600
0.0,4214.0,815745968457060357
10019.0,2312.0,815736392542261248
8366.0,1679.0,815639385530101762
10543.0,3877.0,815390420867969024
7780.0,1300.0,814986499976527872
11464.0,2749.0,814638523311648768
0.0,5947.0,814578408554463233
8805.0,1904.0,814530161257443328
29274.0,8850.0,814153002265309185
0.0,3245.0,813944609378369540
9463.0,1904.0,813910438903693312
37065.0,14256.0,813812741911748608
8468.0,1801.0,813800681631023104
18986.0,7440.0,813217897535406080
9403.0,1843.0,813202720496779264
20252.0,4457.0,813187593374461952
9444.0,1967.0,813172488309972993
7911.0,2258.0,813157409116065792
8626.0,2432.0,813142292504645637
4561.0,457.0,813130366689148928
12069.0,3195.0,813127251579564032
10502.0,2800.0,813112105746448384
10761.0,3692.0,813096984823349248
10070.0,2832.0,813081950185472002
8100.0,1995.0,813066809284972545
21379.0,7515.0,813051746834595840
7721.0,1947.0,812781120811126785
7721.0,1947.0,812781120811126785
6746.0,1464.0,812709060537683968
6193.0,1246.0,812503143955202048
8119.0,1978.0,812466873996607488
13916.0,3738.0,812372279581671427
7394.0,1432.0,811985624773361665
7682.0,1635.0,811744202451197953
5721.0,760.0,811647686436880384
13013.0,3150.0,811627233043480576
21324.0,6516.0,811386762094317568
5445.0,1466.0,810984652412424192
9191.0,1809.0,810896069567610880
11186.0,2707.0,810657578271330305
35979.0,11550.0,810284430598270976
14998.0,3446.0,810254108431155201
15829.0,4030.0,809920764300447744
0.0,5010.0,809808892968534016
7067.0,1499.0,809448704142938112
20327.0,5725.0,809220051211603969
13508.0,3608.0,809084759137812480
10315.0,3113.0,808838249661788160
8057.0,2216.0,808733504066486276
11518.0,2666.0,808501579447930884
43445.0,21359.0,808344865868283904
0.0,6068.0,808134635716833280
8964.0,2253.0,808106460588765185
12781.0,3613.0,808001312164028416
14871.0,3709.0,807621403335917568
120755.0,56735.0,807106840509214720
0.0,7513.0,807059379405148160
13341.0,3948.0,807010152071229440
76288.0,35489.0,806629075125202948
0.0,5660.0,806620845233815552
4994.0,1991.0,806576416489959424
10431.0,2407.0,806542213899489280
0.0,11905.0,806242860592926720
6564.0,1219.0,806219024703037440
0.0,5492.0,805958939288408065
8437.0,1960.0,805932879469572096
6702.0,1871.0,805826884734976000
0.0,8219.0,805823200554876929
5867.0,1691.0,805520635690676224
8969.0,2575.0,805487436403003392
7988.0,1756.0,805207613751304193
13970.0,3909.0,804738756058218496
6265.0,2065.0,804475857670639616
0.0,3306.0,804413760345620481
45418.0,16542.0,804026241225523202
10269.0,2808.0,803773340896923648
0.0,7599.0,803692223237865472
11167.0,4231.0,803638050916102144
7933.0,1905.0,803380650405482500
0.0,5449.0,803321560782307329
10237.0,2512.0,803276597545603072
9200.0,2057.0,802952499103731712
0.0,2978.0,802624713319034886
7249.0,1505.0,802600418706604034
9113.0,2571.0,802572683846291456
16550.0,5970.0,802323869084381190
6905.0,1410.0,802265048156610565
6905.0,1410.0,802265048156610565
9258.0,2685.0,802239329049477120
0.0,279.0,802185808107208704
7902.0,1751.0,801958328846974976
1816.0,243.0,801854953262350336
8395.0,2116.0,801538201127157760
6190.0,843.0,801285448605831168
24997.0,6068.0,801167903437357056
0.0,4041.0,801127390143516673
8241.0,2153.0,801115127852503040
695.0,98.0,800859414831898624
0.0,1647.0,800855607700029440
10769.0,2864.0,800751577355128832
13406.0,3059.0,800513324630806528
9700.0,2224.0,800459316964663297
0.0,4424.0,800443802682937345
11384.0,2874.0,800388270626521089
0.0,4035.0,800188575492947969
15601.0,2606.0,800141422401830912
28966.0,13487.0,800018252395122689
0.0,4805.0,799774291445383169
8567.0,2219.0,799757965289017345
8217.0,1970.0,799422933579902976
0.0,5605.0,799308762079035393
10096.0,2829.0,799297110730567681
8228.0,2519.0,799063482566066176
13369.0,4575.0,798933969379225600
7648.0,1476.0,798925684722855936
0.0,6799.0,798705661114773508
0.0,7976.0,798701998996647937
0.0,6660.0,798697898615730177
0.0,5079.0,798694562394996736
0.0,2388.0,798686750113755136
0.0,4828.0,798682547630837760
0.0,5673.0,798673117451325440
0.0,4004.0,798665375516884993
0.0,1896.0,798644042770751489
0.0,2022.0,798628517273620480
0.0,5856.0,798585098161549313
0.0,5986.0,798576900688019456
0.0,3427.0,798340744599797760
10637.0,2618.0,798209839306514432
11856.0,3181.0,797971864723324932
14854.0,4989.0,797545162159308800
20365.0,6745.0,797236660651966464
227.0,26.0,797165961484890113
0.0,9137.0,796904159865868288
7840.0,1960.0,796865951799083009
12085.0,3116.0,796759840936919040
0.0,7443.0,796563435802726400
7733.0,1804.0,796484825502875648
11234.0,4250.0,796387464403357696
0.0,14629.0,796177847564038144
32940.0,14629.0,796149749086875649
5068.0,1855.0,796125600683540480
9296.0,2474.0,796116448414461957
8641.0,2367.0,796080075804475393
11035.0,3801.0,796031486298386433
50707.0,24228.0,795464331001561088
10282.0,2948.0,795400264262053889
16538.0,5560.0,795076730285391872
0.0,3455.0,794983741416415232
10464.0,2364.0,794926597468000259
0.0,10554.0,794355576146903043
9777.0,2741.0,794332329137291264
9410.0,3394.0,794205286408003585
17186.0,5010.0,793962221541933056
9421.0,1915.0,793845145112371200
0.0,3212.0,793614319594401792
8150.0,1668.0,793601777308463104
10898.0,2432.0,793500921481273345
25126.0,9395.0,793286476301799424
8877.0,2451.0,793271401113350145
20387.0,8543.0,793256262322548741
10746.0,3375.0,793241302385262592
10046.0,2939.0,793226087023144960
9113.0,2865.0,793210959003287553
15615.0,5765.0,793195938047070209
7086.0,2049.0,793180763617361921
9611.0,2853.0,793165685325201412
6314.0,1742.0,793150605191548928
6564.0,2554.0,793135492858580992
12942.0,4012.0,793120401413079041
14634.0,4072.0,792913359805018113
11544.0,4368.0,792883833364439040
7500.0,1715.0,792773781206999040
13732.0,4397.0,792394556390137856
7299.0,1845.0,792050063153438720
0.0,21591.0,791821351946420224
0.0,9817.0,791784077045166082
0.0,3909.0,791780927877898241
46064.0,22731.0,791774931465953280
11994.0,3212.0,791672322847637504
13408.0,4214.0,791406955684368384
8964.0,2596.0,791312159183634433
0.0,4197.0,791026214425268224
10035.0,2183.0,790987426131050500
16987.0,4791.0,790946055508652032
0.0,2363.0,790723298204217344
8391.0,1971.0,790698755171364864
21078.0,7328.0,790581949425475584
7991.0,1921.0,790337589677002753
12813.0,3245.0,790277117346975746
0.0,3652.0,790227638568808452
9442.0,2363.0,789986466051088384
0.0,4211.0,789960241177853952
10561.0,4223.0,789903600034189313
7643.0,1810.0,789628658055020548
6897.0,1970.0,789599242079838210
11974.0,3455.0,789530877013393408
8824.0,2348.0,789314372632018944
0.0,5059.0,789280767834746880
9285.0,2662.0,789268448748703744
9909.0,2863.0,789137962068021249
27976.0,12751.0,788908386943430656
27900.0,10554.0,788765914992902144
0.0,7342.0,788552643979468800
15850.0,5391.0,788412144018661376
7365.0,2141.0,788178268662984705
6239.0,1312.0,788150585577050112
0.0,3502.0,788070120937619456
6250.0,1350.0,788039637453406209
8800.0,3115.0,787810552592695296
10456.0,2845.0,787717603741622272
11086.0,2902.0,787397959788929025
7938.0,1778.0,787322443945877504
0.0,6891.0,787111942498508800
27140.0,8143.0,786963064373534720
0.0,2470.0,786729988674449408
18598.0,6239.0,786709082849828864
10803.0,2612.0,786664955043049472
9609.0,3179.0,786595970293370880
11086.0,3586.0,786363235746385920
8116.0,2907.0,786286427768250368
15559.0,4844.0,786233965241827333
1451.0,159.0,786051337297522688
0.0,7167.0,786036967502913536
11608.0,3248.0,785927819176054784
6816.0,1857.0,785872687017132033
7981.0,2281.0,785639753186217984
9274.0,2035.0,785533386513321988
6221.0,1284.0,785515384317313025
7395.0,1676.0,785264754247995392
12253.0,4935.0,785170936622350336
10304.0,3306.0,784826020293709826
9134.0,2588.0,784517518371221505
5797.0,1293.0,784431430411685888
20459.0,8219.0,784183165795655680
30307.0,11345.0,784057939640352768
30568.0,10983.0,783839966405230592
7481.0,2008.0,783821107061198850
10652.0,3280.0,783695101801398276
8601.0,2289.0,783466772167098368
17161.0,5592.0,783391753726550016
0.0,5653.0,783347506784731136
29664.0,11905.0,783334639985389568
8301.0,2241.0,783085703974514689
24525.0,7513.0,782969140009107456
7604.0,1438.0,782747134529531904
17580.0,5492.0,782722598790725632
7929.0,1907.0,782598640137187329
16931.0,5678.0,782305867769217024
0.0,6321.0,782021823840026624
11307.0,3435.0,781955203444699136
10603.0,2772.0,781661882474196992
4057.0,1145.0,781655249211752448
21077.0,5660.0,781524693396357120
7259.0,2592.0,781308096455073793
8564.0,2116.0,781251288990355457
9965.0,2786.0,781163403222056960
21988.0,7443.0,780931614150983680
7300.0,2045.0,780858289093574656
5578.0,1325.0,780800785462489090
12307.0,3400.0,780601303617732608
6404.0,1769.0,780543529827336192
0.0,3763.0,780496263422808064
0.0,115.0,780476555013349377
5374.0,1095.0,780459368902959104
8837.0,2282.0,780192070812196864
0.0,2336.0,780092040432480260
12377.0,5058.0,780074436359819264
19199.0,7167.0,779834332596887552
8940.0,3161.0,779377524342161408
0.0,18624.0,779124354206535695
0.0,18624.0,779124354206535695
14994.0,4601.0,779056095788752897
20284.0,7329.0,778990705243029504
0.0,10063.0,778774459159379968
880.0,366.0,778764940568104960
6988.0,1335.0,778748913645780993
5857.0,1528.0,778650543019483137
4707.0,1025.0,778624900596654080
13815.0,4401.0,778408200802557953
0.0,12439.0,778396591732486144
5925.0,1120.0,778383385161035776
10536.0,3352.0,778286810187399168
8627.0,2687.0,778039087836069888
6646.0,1641.0,778027034220126208
0.0,3578.0,777953400541634568
6443.0,1651.0,777885040357281792
11400.0,2978.0,777684233540206592
0.0,4298.0,777641927919427584
8873.0,2534.0,777621514455814149
14475.0,4368.0,777189768882946048
0.0,13899.0,776819012571455488
4938.0,1231.0,776813020089548800
8943.0,2825.0,776477788987613185
0.0,9273.0,776249906839351296
30329.0,16094.0,776218204058357768
9753.0,2545.0,776201521193218049
11930.0,4424.0,776113305656188928
1862.0,153.0,776088319444877312
0.0,16772.0,775898661951791106
11876.0,2694.0,775842724423557120
14047.0,4041.0,775733305207554048
13158.0,4661.0,775729183532220416
7491.0,3016.0,775364825476165632
10303.0,3958.0,775350846108426240
10303.0,3958.0,775350846108426240
15759.0,4805.0,775085132600442880
8716.0,1811.0,774757898236878852
6823.0,1755.0,774639387460112384
22049.0,5605.0,774314403806253056
10864.0,3928.0,773985732834758656
6479.0,1770.0,773922284943896577
6686.0,1649.0,773704687002451968
5410.0,1330.0,773670353721753600
22399.0,6259.0,773547596996571136
0.0,5154.0,773336787167145985
23597.0,7573.0,773308824254029826
9569.0,3288.0,773247561583001600
10100.0,4201.0,773191612633579521
8673.0,3935.0,772877495989305348
8160.0,2381.0,772826264096874500
0.0,3426.0,772615324260794368
6578.0,1718.0,772581559778025472
6116.0,1410.0,772193107915964416
3841.0,1146.0,772152991789019136
3818.0,750.0,772117678702071809
2753.0,473.0,772114945936949249
4048.0,951.0,772102971039580160
6665.0,1930.0,771908950375665664
12144.0,3427.0,771770456517009408
8346.0,2639.0,771500966810099713
10600.0,5154.0,771380798096281600
0.0,7566.0,771171053431250945
9249.0,2968.0,771136648247640064
6309.0,1458.0,771102124360998913
6960.0,1678.0,771014301343748096
6960.0,1678.0,771014301343748096
4982.0,1216.0,770787852854652928
5237.0,1430.0,770772759874076672
5237.0,1430.0,770772759874076672
7419.0,1788.0,770655142660169732
6390.0,2125.0,770414278348247044
6311.0,1500.0,770293558247038976
0.0,3094.0,770093767776997377
7681.0,2322.0,770069151037685760
31714.0,9685.0,769940425801170949
6474.0,1696.0,769695466921623552
0.0,7816.0,769335591808995329
5454.0,1744.0,769212283578875904
14511.0,6588.0,768970937022709760
0.0,2706.0,768909767477751808
4242.0,899.0,768855141948723200
4168.0,1217.0,768609597686943744
5084.0,1293.0,768596291618299904
0.0,5903.0,768554158521745409
13758.0,3475.0,768473857036525572
10977.0,3578.0,768193404517830656
4790.0,1396.0,767884188863397888
16166.0,5449.0,767754930266464257
7566.0,2366.0,767500508068192258
12417.0,3803.0,767191397493538821
10263.0,2889.0,767122157629476866
0.0,5695.0,766864461642756096
5117.0,1367.0,766793450729734144
2633.0,383.0,766714921925144576
4049.0,803.0,766693177336135680
6053.0,1607.0,766423258543644672
6853.0,1911.0,766313316352462849
0.0,2657.0,766078092750233600
4268.0,862.0,766069199026450432
3777.0,503.0,766008592277377025
7295.0,2169.0,765719909049503744
5233.0,1237.0,765669560888528897
26847.0,3412.0,765395769549590528
7130.0,2189.0,765371061932261376
11734.0,3426.0,765222098633691136
6512.0,1792.0,764857477905154048
6073.0,1516.0,764259802650378240
761.0,56.0,763956972077010945
12699.0,4197.0,763837565564780549
5432.0,1484.0,763183847194451968
0.0,3049.0,763167063695355904
7416.0,2312.0,763103485927849985
12249.0,3652.0,762699858130116608
11305.0,6469.0,762471784394268675
10380.0,4211.0,762464539388485633
4833.0,1131.0,762316489655476224
32141.0,15680.0,762035686371364864
5449.0,2028.0,761976711479193600
0.0,3959.0,761750502866649088
4304.0,871.0,761745352076779520
49890.0,29346.0,761672994376806400
4155.0,1197.0,761599872357261312
0.0,18210.0,761371037149827077
5229.0,1463.0,761334018830917632
4518.0,1092.0,761292947749015552
5359.0,1580.0,761227390836215808
11415.0,3502.0,761004547850530816
3845.0,986.0,760893934457552897
6628.0,1927.0,760656994973933572
5009.0,1310.0,760641137271070720
7614.0,3653.0,760539183865880579
4250.0,1394.0,760521673607086080
27009.0,11587.0,760290219849637889
3970.0,872.0,760252756032651264
5727.0,1818.0,760190180481531904
0.0,31.0,760153949710192640
5986.0,2090.0,759943073749200896
14775.0,5695.0,759923798737051648
6780.0,1991.0,759846353224826880
5999.0,1930.0,759793422261743616
5999.0,1930.0,759793422261743616
4732.0,1196.0,759557299618865152
8544.0,2470.0,759447681597108224
1682.0,494.0,759446261539934208
6116.0,1960.0,759197388317847553
0.0,1162.0,759159934323924993
14634.0,4199.0,759099523532779520
6536.0,2034.0,759047813560868866
3575.0,903.0,758854675097526272
11287.0,3864.0,758828659922702336
5774.0,1621.0,758740312047005698
3833.0,1009.0,758474966123810816
4821.0,2231.0,758467244762497024
5237.0,1922.0,758405701903519748
3422.0,1085.0,758355060040593408
19197.0,10063.0,758099635764359168
2717.0,377.0,758041019896193024
6909.0,3270.0,757741869644341248
0.0,7997.0,757729163776290825
4571.0,1221.0,757725642876129280
4588.0,1114.0,757611664640446465
0.0,301.0,757597904299253760
4359.0,1067.0,757596066325864448
15235.0,6899.0,757400162377592832
5854.0,1747.0,757393109802180609
4543.0,1432.0,757354760399941633
6327.0,1999.0,756998049151549440
6683.0,2021.0,756939218950160384
5089.0,1311.0,756651752796094464
10465.0,3608.0,756526248105566208
3959.0,1100.0,756303284449767430
44209.0,17827.0,756288534030475264
6444.0,1541.0,756275833623502848
7367.0,2899.0,755955933503782912
16532.0,5394.0,755206590534418437
21322.0,11160.0,755110668769038337
0.0,7957.0,754874841593970688
6936.0,2538.0,754856583969079297
2602.0,525.0,754747087846248448
5318.0,1967.0,754482103782404096
3775.0,736.0,754449512966619136
7927.0,2366.0,754120377874386944
7927.0,2366.0,754120377874386944
5864.0,2178.0,753655901052166144
7952.0,3585.0,753420520834629632
5789.0,1915.0,753398408988139520
7683.0,2336.0,753375668877008896
0.0,5729.0,753298634498793472
3387.0,1049.0,753294487569522689
37296.0,20983.0,753039830821511168
3930.0,972.0,753026973505581056
12697.0,6891.0,752932432744185856
6961.0,1586.0,752917284578922496
0.0,2887.0,752701944171524096
6023.0,1600.0,752682090207055872
4391.0,1564.0,752660715232722944
5538.0,2294.0,752568224206688256
7400.0,3451.0,752519690950500352
3826.0,1098.0,752334515931054080
0.0,16305.0,752309394570878976
5987.0,1849.0,752173152931807232
3070.0,921.0,751950017322246144
5206.0,1338.0,751937170840121344
5831.0,1958.0,751830394383790080
5848.0,2909.0,751793661361422336
7954.0,3051.0,751598357617971201
4415.0,1107.0,751583847268179968
5056.0,1268.0,751538714308972544
3224.0,1006.0,751456908746354688
12573.0,5904.0,751251247299190784
6347.0,1824.0,751205363882532864
5093.0,1297.0,751132876104687617
4803.0,1370.0,750868782890057730
13228.0,5058.0,750719632563142656
4456.0,1147.0,750506206503038976
13219.0,4298.0,750429297815552001
4579.0,1155.0,750383411068534784
697.0,27.0,750381685133418496
3112.0,963.0,750147208377409536
3629.0,1295.0,750132105863102464
4347.0,1318.0,750117059602808832
3050.0,849.0,750101899009982464
2175.0,536.0,750086836815486976
7857.0,3349.0,750071704093859840
3172.0,899.0,750056684286914561
3193.0,621.0,750041628174217216
2728.0,792.0,750026558547456000
3253.0,908.0,750011400160841729
3078.0,820.0,749996283729883136
5135.0,2475.0,749981277374128128
4671.0,1315.0,749774190421639168
6127.0,1643.0,749417653287129088
2633.0,536.0,749403093750648834
8588.0,3441.0,749395845976588288
5522.0,2240.0,749317047558017024
5769.0,2075.0,749075273010798592
4820.0,1527.0,749064354620928000
3100.0,795.0,749036806121881602
10793.0,3404.0,748977405889503236
5823.0,2258.0,748932637671223296
2786.0,949.0,748705597323898880
4757.0,1592.0,748699167502000129
4257.0,1334.0,748692773788876800
6090.0,1974.0,748575535303884801
2200.0,669.0,748568946752774144
5222.0,1227.0,748346686624440324
7658.0,4113.0,748337862848962560
3684.0,759.0,748324050481647620
3676.0,712.0,748307329658011649
14168.0,7811.0,748220828303695873
5779.0,2146.0,747963614829678593
6602.0,2543.0,747933425676525569
2945.0,977.0,747885874273214464
2824.0,750.0,747844099428986880
4858.0,1162.0,747816857231626240
1389.0,156.0,747651430853525504
12910.0,5860.0,747648653817413632
2328.0,556.0,747600769478692864
3682.0,1057.0,747594051852075008
5554.0,1610.0,747512671126323200
3871.0,1042.0,747461612269887489
5427.0,1916.0,747439450712596480
0.0,2902.0,747242308580548608
5268.0,1571.0,747219827526344708
3377.0,923.0,747204161125646336
9577.0,3959.0,747103485104099331
2893.0,297.0,746906459439529985
5989.0,2132.0,746872823977771008
5317.0,1742.0,746818907684614144
4878.0,1603.0,746790600704425984
9586.0,3909.0,746757706116112384
6053.0,1797.0,746726898085036033
5040.0,1877.0,746542875601690625
0.0,983.0,746521445350707200
4656.0,1083.0,746507379341139972
6176.0,1626.0,746369468511756288
6906.0,2202.0,746131877086527488
3547.0,810.0,746056683365994496
4021.0,1064.0,745789745784041472
6998.0,2327.0,745712589599014916
7075.0,2535.0,745433870967832576
8572.0,2435.0,745422732645535745
7174.0,2748.0,745314880350101504
7833.0,3496.0,745074613265149952
7247.0,2260.0,745057283344719872
2962.0,620.0,744995568523612160
7877.0,2683.0,744971049620602880
5608.0,1560.0,744709971296780288
6774.0,2114.0,744334592493166593
156320.0,77842.0,744234799360020481
1662.0,366.0,744223424764059648
4167.0,1092.0,743980027717509120
3642.0,961.0,743895849529389061
0.0,2072.0,743835915802583040
4470.0,1382.0,743609206067040256
18365.0,6525.0,743595368194129920
3522.0,940.0,743545585370791937
7907.0,3719.0,743510151680958465
4220.0,1222.0,743253157753532416
6211.0,1901.0,743222593470234624
3830.0,1361.0,743210557239623680
7051.0,3570.0,742534281772302336
4404.0,1976.0,742528092657332225
7252.0,3894.0,742465774154047488
9799.0,3763.0,742423170473463808
6799.0,1966.0,742385895052087300
4334.0,1369.0,742161199639494656
5121.0,1542.0,742150209887731712
4533.0,1508.0,741793263812808706
8157.0,2745.0,741743634094141440
3672.0,830.0,741438259667034112
8767.0,3197.0,741303864243200000
9975.0,5498.0,741099773336379392
9492.0,3094.0,741067306818797568
6355.0,2736.0,740995100998766593
3394.0,933.0,740711788199743490
2840.0,781.0,740699697422163968
18125.0,6799.0,740676976021798912
34949.0,13284.0,740373189193256964
2451.0,431.0,740365076218183684
3291.0,864.0,740359016048689152
6676.0,1958.0,740214038584557568
19921.0,5903.0,739979191639244800
4047.0,1070.0,739932936087216128
3792.0,852.0,739844404073074688
3759.0,1347.0,739623569819336705
5370.0,1650.0,739606147276148736
39420.0,21182.0,739544079319588864
7137.0,2919.0,739485634323156992
115440.0,57710.0,739238157791694849
111.0,6.0,738891149612572673
3763.0,1137.0,738885046782832640
3289.0,789.0,738883359779196928
5067.0,1538.0,738537504001953792
3233.0,833.0,738402415918125056
4305.0,1203.0,738184450748633089
8741.0,3342.0,738166403467907072
2502.0,639.0,738156290900254721
5254.0,1760.0,737826014890496000
9947.0,3446.0,737800304142471168
5024.0,1314.0,737678689543020544
10217.0,4439.0,737445876994609152
3588.0,810.0,737322739594330112
14614.0,7387.0,737310737551491075
4245.0,1720.0,736736130620620800
17614.0,7342.0,736392552031657984
3956.0,1238.0,736365877722001409
8094.0,2769.0,736225175608430592
7864.0,2982.0,736010884653420544
3579.0,1147.0,735991953473572864
4018.0,1095.0,735648611367784448
6129.0,2336.0,735635087207878657
12953.0,5013.0,735274964362878976
3315.0,879.0,735256018284875776
3119.0,965.0,735137028879360001
2739.0,524.0,734912297295085568
12477.0,6249.0,734787690684657664
2486.0,541.0,734776360183431168
1475.0,394.0,734559631394082816
3562.0,778.0,733828123016450049
3661.0,1018.0,733822306246479872
3122.0,948.0,733482008106668032
4178.0,1274.0,733460102733135873
49996.0,16772.0,733109485275860992
2426.0,533.0,732732193018155009
3530.0,883.0,732726085725589504
3647.0,775.0,732585889486888962
8044.0,2500.0,732375214819057664
14825.0,5379.0,732005617171337216
3471.0,985.0,731285275100512256
3823.0,1257.0,731156023742988288
6110.0,1959.0,730924654643314689
4878.0,2120.0,730573383004487680
3466.0,1044.0,730427201120833536
3793.0,1053.0,730211855403241472
4822.0,1891.0,730196704625098752
4006.0,1118.0,729854734790754305
1716.0,381.0,729838605770891264
3957.0,1239.0,729823566028484608
5760.0,2302.0,729463711119904772
1868.0,323.0,729113531270991872
3126.0,818.0,728986383096946689
4654.0,1691.0,728760639972315136
2748.0,675.0,728751179681943552
3285.0,1027.0,728653952833728512
4880.0,1990.0,728409960103686147
3667.0,956.0,728387165835677696
4274.0,1192.0,728046963732717569
4539.0,1653.0,728035342121635841
4086.0,1099.0,728015554473250816
2942.0,636.0,727685679342333952
5855.0,1737.0,727644517743104000
4445.0,1211.0,727524757080539137
3316.0,737.0,727314416056803329
3028.0,807.0,727286334147182592
3883.0,1373.0,727175381690781696
3599.0,1326.0,727155742655025152
6838.0,2441.0,726935089318363137
3817.0,1514.0,726887082820554753
3542.0,995.0,726828223124897792
4397.0,1138.0,726224900189511680
7036.0,2657.0,725842289046749185
4139.0,1359.0,725786712245440512
5173.0,1772.0,725729321944506368
1399.0,611.0,725458796924002305
3699.0,1304.0,724983749226668032
2335.0,634.0,724771698126512129
5242.0,1635.0,724405726123311104
4294.0,1762.0,724049859469295616
2639.0,552.0,724046343203856385
4156.0,1541.0,724004602748780546
3860.0,1227.0,723912936180330496
7626.0,2918.0,723688335806480385
2990.0,881.0,723673163800948736
5272.0,1853.0,723179728551723008
4071.0,1548.0,722974582966214656
4932.0,1626.0,722613351520608256
4592.0,1837.0,721503162398597120
2505.0,606.0,721001180231503872
3091.0,760.0,720785406564900865
2441.0,658.0,720775346191278080
4099.0,1489.0,720415127506415616
6332.0,2488.0,720389942216527872
2851.0,970.0,720340705894408192
3841.0,1109.0,720059472081784833
4872.0,1989.0,720043174954147842
4802.0,1729.0,719991154352222208
4511.0,1417.0,719704490224398336
5017.0,1892.0,719551379208073216
2781.0,737.0,719367763014393856
4397.0,1221.0,719339463458033665
3408.0,944.0,719332531645071360
3463.0,1069.0,718971898235854848
5213.0,1747.0,718939241951195136
18737.0,7976.0,718631497683582976
2413.0,477.0,718613305783398402
2434.0,1007.0,718540630683709445
2675.0,522.0,718460005985447936
4829.0,1499.0,718454725339934721
1903.0,499.0,718246886998687744
3843.0,988.0,718234618122661888
2445.0,601.0,717841801130979328
2855.0,1103.0,717790033953034240
5744.0,1844.0,717537687239008257
1604.0,446.0,717428917016076293
3137.0,840.0,717421804990701568
6247.0,1918.0,717047459982213120
3227.0,957.0,717009362452090881
4256.0,1161.0,716802964044845056
8095.0,1565.0,716791146589110272
1222.0,424.0,716730379797970944
12974.0,5813.0,716447146686459905
2358.0,207.0,716439118184652801
2747.0,1050.0,716285507865542656
6698.0,1887.0,716080869887381504
3174.0,874.0,715928423106027520
3695.0,1425.0,715758151270801409
4623.0,1675.0,715733265223708672
2773.0,562.0,715704790270025728
3882.0,1281.0,715696743237730304
4278.0,1603.0,715680795826982913
5444.0,1552.0,715360349751484417
3018.0,688.0,715342466308784130
2407.0,643.0,715220193576927233
5101.0,1871.0,715200624753819648
4127.0,1220.0,715009755312439296
3709.0,1025.0,714982300363173890
7303.0,4231.0,714962719905021952
4097.0,1400.0,714957620017307648
3256.0,991.0,714631576617938945
3610.0,922.0,714606013974974464
2667.0,1119.0,714485234495041536
3015.0,714.0,714258258790387713
3259.0,830.0,714251586676113411
2258.0,865.0,714214115368108032
4286.0,1386.0,714141408463036416
3275.0,783.0,713919462244790272
1889.0,533.0,713909862279876608
2815.0,738.0,713900603437621249
4834.0,1368.0,713761197720473600
4415.0,1289.0,713411074226274305
7179.0,2814.0,713177543487135744
4434.0,1465.0,713175907180089344
18441.0,6660.0,712809025985978368
12271.0,4944.0,712717840512598017
4158.0,1206.0,712668654853337088
5294.0,1552.0,712438159032893441
242.0,25.0,712309440758808576
3762.0,1021.0,712097430750289920
2924.0,883.0,712092745624633345
3250.0,483.0,712085617388212225
2255.0,617.0,712065007010385924
0.0,126.0,711998809858043904
8021.0,2287.0,711968124745228288
2822.0,976.0,711743778164514816
8795.0,4088.0,711732680602345472
32692.0,18210.0,711694788429553666
3828.0,908.0,711652651650457602
3629.0,1131.0,711363825979756544
3286.0,732.0,711306686208872448
2982.0,609.0,711008018775851008
4537.0,1375.0,710997087345876993
2529.0,684.0,710844581445812225
2668.0,532.0,710833117892898816
2301.0,554.0,710658690886586372
4765.0,2368.0,710609963652087808
4507.0,1854.0,710588934686908417
2358.0,731.0,710296729921429505
2134.0,517.0,710283270106132480
4507.0,1240.0,710272297844797440
2383.0,1115.0,710269109699739648
2893.0,880.0,710153181850935296
2741.0,874.0,710140971284037632
5457.0,1979.0,710117014656950272
3456.0,1078.0,709918798883774466
667.0,99.0,709901256215666688
3505.0,1193.0,709852847387627521
3530.0,1201.0,709566166965075968
3279.0,1065.0,709556954897764353
1486.0,236.0,709519240576036864
2211.0,565.0,709449600415961088
2606.0,678.0,709409458133323776
2396.0,569.0,709225125749587968
12493.0,5765.0,709207347839836162
2415.0,640.0,709198395643068416
1992.0,664.0,709179584944730112
2021.0,411.0,709158332880297985
4720.0,1618.0,709042156699303936
1787.0,654.0,708853462201716736
2972.0,895.0,708845821941387268
1675.0,495.0,708834316713893888
16393.0,6882.0,708810915978854401
2726.0,803.0,708738143638450176
2528.0,715.0,708711088997666817
2533.0,677.0,708479650088034305
3081.0,806.0,708469915515297792
15914.0,10015.0,708400866336894977
3563.0,1313.0,708356463048204288
2334.0,734.0,708349470027751425
4260.0,1543.0,708149363256774660
3371.0,849.0,708130923141795840
2678.0,976.0,708119489313951744
1934.0,546.0,708109389455101952
4363.0,1920.0,708026248782585858
3112.0,1118.0,707995814724026368
50.0,2.0,707983188426153984
2687.0,958.0,707969809498152960
3264.0,952.0,707776935007539200
2476.0,611.0,707741517457260545
4063.0,2444.0,707738799544082433
3391.0,986.0,707693576495472641
2563.0,872.0,707629649552134146
16898.0,6321.0,707610948723478529
2263.0,695.0,707420581654872064
2292.0,596.0,707411934438625280
3483.0,1282.0,707387676719185920
3265.0,1087.0,707377100785885184
2461.0,634.0,707315916783140866
2760.0,780.0,707297311098011648
2584.0,667.0,707059547140169728
2175.0,785.0,707038192327901184
4062.0,1349.0,707021089608753152
2310.0,596.0,707014260413456384
14504.0,7816.0,706904523814649856
2050.0,590.0,706901761596989440
3286.0,966.0,706681918348251136
2555.0,1084.0,706644897839910912
2144.0,629.0,706593038911545345
3462.0,1420.0,706538006853918722
3092.0,1027.0,706516534877929472
3434.0,921.0,706346369204748288
21230.0,7881.0,706310011488698368
1688.0,474.0,706291001778950144
2721.0,929.0,706265994973601792
3889.0,2198.0,706169069255446529
5146.0,1588.0,706166467411222528
1478.0,383.0,706153300320784384
3092.0,728.0,705975130514706432
3152.0,888.0,705970349788291072
2354.0,547.0,705898680587526145
1928.0,515.0,705786532653883392
3148.0,1149.0,705591895322394625
2944.0,907.0,705475953783398401
4411.0,1619.0,705442520700944385
3802.0,1677.0,705428427625635840
2997.0,745.0,705239209544720384
2583.0,796.0,705223444686888960
2134.0,516.0,705102439679201280
2173.0,615.0,705066031337840642
4254.0,1111.0,704871453724954624
2244.0,538.0,704859558691414016
5053.0,1519.0,704847917308362754
2629.0,984.0,704819833553219584
6606.0,2902.0,704761120771465216
2906.0,1010.0,704499785726889984
751.0,78.0,704491224099647488
3377.0,1062.0,704480331685040129
7972.0,3533.0,704364645503647744
1573.0,349.0,704347321748819968
1498.0,456.0,704134088924532736
1844.0,569.0,704113298707505153
2913.0,910.0,704054845121142784
1837.0,459.0,703774238772166656
3267.0,1135.0,703769065844768768
2569.0,677.0,703631701117943808
3839.0,1523.0,703611486317502464
3796.0,1359.0,703425003149250560
2438.0,692.0,703407252292673536
3500.0,1144.0,703382836347330562
1913.0,383.0,703356393781329922
1965.0,547.0,703268521220972544
7367.0,3067.0,703079050210877440
26261.0,12439.0,703041949650034688
2572.0,727.0,702932127499816960
1607.0,451.0,702899151802126337
3211.0,1072.0,702684942141153280
2188.0,553.0,702671118226825216
12193.0,3419.0,702598099714314240
2871.0,958.0,702539513671897089
3170.0,1541.0,702332542343577600
3260.0,1038.0,702321140488925184
2457.0,762.0,702276748847800320
4764.0,1329.0,702217446468493312
3441.0,990.0,701981390485725185
3831.0,1021.0,701952816642965504
3527.0,1380.0,701889187134500865
3400.0,1670.0,701805642395348998
2080.0,448.0,701601587219795968
2804.0,921.0,701570477911896070
2656.0,607.0,701545186879471618
12153.0,5079.0,701214700881756160
2204.0,564.0,700890391244103680
2586.0,620.0,700864154249383937
2450.0,501.0,700847567345688576
2429.0,936.0,700796979434098688
22760.0,9273.0,700747788515020802
2600.0,794.0,700518061187723268
2279.0,566.0,700505138482569216
4117.0,1779.0,700462010979500032
2620.0,732.0,700167517596164096
2230.0,670.0,700151421916807169
7506.0,2706.0,700143752053182464
2644.0,689.0,700062718104104960
2066.0,585.0,700029284593901568
3311.0,1336.0,700002074055016451
3054.0,952.0,699801817392291840
2225.0,508.0,699788877217865730
2730.0,1227.0,699779630832685056
1958.0,603.0,699775878809702401
10237.0,4597.0,699691744225525762
5931.0,2601.0,699446877801091073
2158.0,515.0,699434518667751424
1358.0,324.0,699423671849451520
2075.0,624.0,699413908797464576
1883.0,441.0,699370870310113280
3139.0,857.0,699323444782047232
2237.0,631.0,699088579889332224
2446.0,653.0,699079609774645248
2967.0,1188.0,699072405256409088
3737.0,1797.0,699060279947165696
2593.0,1193.0,699036661657767936
3332.0,971.0,698989035503689728
2674.0,895.0,698953797952008193
2530.0,624.0,698907974262222848
2458.0,677.0,698710712454139905
1444.0,376.0,698703483621523456
1290.0,337.0,698635131305795584
2320.0,622.0,698549713696649216
1848.0,446.0,698355670425473025
2264.0,949.0,698342080612007937
4732.0,1993.0,698262614669991936
16702.0,5947.0,698195409219559425
2796.0,737.0,698178924120031232
1513.0,331.0,697995514407682048
3272.0,1291.0,697990423684476929
2377.0,677.0,697943111201378304
3002.0,1174.0,697881462549430272
1734.0,539.0,697630435728322560
3157.0,1008.0,697616773278015490
3009.0,1262.0,697596423848730625
2033.0,497.0,697575480820686848
2050.0,1110.0,697516214579523584
2405.0,673.0,697482927769255936
3410.0,1393.0,697463031882764288
4678.0,1869.0,697270446429966336
3284.0,1001.0,697259378236399616
3026.0,1158.0,697255105972801536
2503.0,668.0,697242256848379904
3160.0,1018.0,696900204696625153
2337.0,674.0,696894894812565505
4840.0,1796.0,696886256886657024
2428.0,707.0,696877980375769088
1480.0,360.0,696754882863349760
2054.0,936.0,696744641916489729
2359.0,651.0,696713835009417216
3903.0,1703.0,696518437233913856
1211.0,141.0,696490539101908992
2523.0,1015.0,696488710901260288
3192.0,1151.0,696405997980676096
1926.0,650.0,696100768806522880
3004.0,1160.0,695816827381944320
3146.0,759.0,695794761660297217
1855.0,743.0,695767669421768709
4548.0,2089.0,695629776980148225
4379.0,1800.0,695446424020918272
8634.0,3563.0,695409464418041856
3619.0,1446.0,695314793360662529
2622.0,611.0,695095422348574720
2829.0,1093.0,695074328191332352
1595.0,588.0,695064344191721472
2654.0,784.0,695051054296211456
2681.0,914.0,694925794720792577
2742.0,936.0,694905863685980160
35714.0,14317.0,694669722378485760
1496.0,285.0,694356675654983680
2031.0,613.0,694352839993344000
1570.0,481.0,694342028726001664
2000.0,498.0,694329668942569472
4141.0,2028.0,694206574471057408
2940.0,923.0,694183373896572928
3398.0,1021.0,694001791655137281
1868.0,399.0,693993230313091072
1737.0,369.0,693942351086120961
2678.0,582.0,693647888581312512
1341.0,122.0,693644216740769793
2528.0,409.0,693642232151285760
2436.0,789.0,693629975228977152
1532.0,372.0,693622659251335168
5041.0,1948.0,693590843962331137
1642.0,252.0,693582294167244802
1771.0,634.0,693486665285931008
3339.0,1232.0,693280720173801472
2365.0,808.0,693267061318012928
2206.0,498.0,693262851218264065
2858.0,732.0,693231807727280129
7852.0,3199.0,693155686491000832
1709.0,608.0,693109034023534592
1849.0,459.0,693095443459342336
2667.0,752.0,692919143163629568
2416.0,864.0,692905862751522816
1758.0,599.0,692901601640583168
2258.0,803.0,692894228850999298
2860.0,880.0,692828166163931137
6799.0,3631.0,692752401762250755
4349.0,1529.0,692568918515392513
3162.0,1357.0,692535307825213440
1825.0,411.0,692530551048294401
1475.0,225.0,692423280028966913
9325.0,3452.0,692417313023332352
2524.0,818.0,692187005137076224
2140.0,787.0,692158366030913536
1643.0,393.0,692142790915014657
3392.0,1266.0,692041934689402880
2879.0,955.0,692017291282812928
3949.0,1656.0,691820333922455552
8111.0,4211.0,691793053716221953
2850.0,999.0,691756958957883396
1949.0,504.0,691675652215414786
2382.0,562.0,691483041324204033
4032.0,1136.0,691459709405118465
2642.0,845.0,691444869282295808
19259.0,7599.0,691416866452082688
2554.0,660.0,691321916024623104
2950.0,875.0,691096613310316544
1715.0,332.0,691090071332753408
5882.0,2857.0,690989312272396288
3570.0,1241.0,690959652130045952
4072.0,1952.0,690938899477221376
3279.0,1014.0,690932576555528194
3773.0,1265.0,690735892932222976
2173.0,514.0,690728923253055490
2331.0,812.0,690690673629138944
1300.0,278.0,690649993829576704
295.0,18.0,690607260360429569
1945.0,600.0,690597161306841088
1879.0,451.0,690400367696297985
3246.0,845.0,690374419777196032
2668.0,877.0,690360449368465409
1506.0,515.0,690348396616552449
1669.0,415.0,690248561355657216
2784.0,1028.0,690021994562220032
2481.0,729.0,690015576308211712
3656.0,1683.0,690005060500217858
1413.0,368.0,689999384604450816
1458.0,448.0,689993469801164801
1366.0,444.0,689977555533848577
2432.0,697.0,689905486972461056
3030.0,1157.0,689877686181715968
2166.0,742.0,689835978131935233
3205.0,925.0,689661964914655233
10346.0,3858.0,689659372465688576
2225.0,639.0,689623661272240129
11610.0,5502.0,689599056876867584
2038.0,455.0,689557536375177216
3385.0,1423.0,689517482558820352
2252.0,937.0,689289219123089408
3256.0,1099.0,689283819090870273
1976.0,707.0,689280876073582592
1142.0,243.0,689275259254616065
2545.0,1079.0,689255633275777024
3068.0,998.0,689154315265683456
2010.0,507.0,689143371370250240
2713.0,865.0,688916208532455424
2107.0,762.0,688908934925697024
2088.0,779.0,688898160958271489
2235.0,689.0,688894073864884227
1375.0,369.0,688828561667567616
956.0,191.0,688804835492233216
2204.0,659.0,688789766343622656
2589.0,697.0,688547210804498433
2305.0,722.0,688519176466644993
9261.0,4459.0,688385280030670848
2236.0,825.0,688211956440801280
2130.0,580.0,688179443353796608
2820.0,770.0,688116655151435777
1726.0,358.0,688064179421470721
5449.0,2502.0,687841446767013888
2740.0,1115.0,687826841265172480
2468.0,939.0,687818504314159109
2393.0,713.0,687807801670897665
1754.0,664.0,687732144991551489
2419.0,839.0,687704180304273409
1927.0,510.0,687664829264453632
1892.0,577.0,687494652870668288
1594.0,239.0,687480748861947905
1980.0,532.0,687476254459715584
2052.0,540.0,687460506001633280
1885.0,615.0,687399393394311168
20094.0,9137.0,687317306314240000
4343.0,1896.0,687312378585812992
5423.0,2263.0,687127927494963200
2162.0,502.0,687124485711986689
5778.0,2453.0,687109925361856513
2339.0,975.0,687102708889812993
2235.0,600.0,687096057537363968
8606.0,3180.0,686947101016735744
3507.0,1378.0,686760001961103360
3463.0,1448.0,686749460672679938
4127.0,1193.0,686730991906516992
2813.0,798.0,686683045143953408
3703.0,1361.0,686618349602762752
1884.0,541.0,686606069955735556
1734.0,685.0,686394059078897668
3248.0,874.0,686386521809772549
2204.0,563.0,686377065986265092
2178.0,664.0,686358356425093120
3997.0,1656.0,686286779679375361
2211.0,726.0,686050296934563840
1141.0,116.0,686035780142297088
3080.0,1140.0,686034024800862208
2480.0,409.0,686007916130873345
1823.0,623.0,686003207160610816
2091.0,522.0,685973236358713344
1624.0,590.0,685943807276412928
7485.0,2874.0,685906723014619143
2026.0,124.0,685681090388975616
2350.0,561.0,685667379192414208
3227.0,1454.0,685663452032069632
2925.0,776.0,685641971164143616
32850.0,15575.0,685547936038666240
3024.0,1155.0,685532292383666176
9437.0,3959.0,685325112850124800
2648.0,635.0,685321586178670592
3310.0,1040.0,685315239903100929
2067.0,441.0,685307451701334016
3089.0,1193.0,685268753634967552
2338.0,667.0,685198997565345792
4096.0,1427.0,685169283572338688
2384.0,367.0,684969860808454144
6812.0,3112.0,684959798585110529
3203.0,1041.0,684940049151070208
3483.0,457.0,684926975086034944
3504.0,1441.0,684914660081053696
1871.0,525.0,684902183876321280
2083.0,804.0,684880619965411328
34945.0,21591.0,684830982659280897
2731.0,1000.0,684800227459624960
8882.0,3488.0,684594889858887680
4109.0,1405.0,684588130326986752
3016.0,1209.0,684567543613382656
2639.0,948.0,684538444857667585
3879.0,1163.0,684481074559381504
1970.0,557.0,684460069371654144
8116.0,3262.0,684241637099323392
1222.0,207.0,684225744407494656
3807.0,1365.0,684222868335505415
2149.0,1029.0,684200372118904832
1904.0,510.0,684195085588783105
3483.0,1167.0,684188786104872960
2009.0,658.0,684177701129875456
2983.0,1510.0,684147889187209216
2005.0,466.0,684122891630342144
4103.0,1426.0,684097758874210310
3794.0,1118.0,683857920510050305
1928.0,344.0,683852578183077888
2602.0,960.0,683849932751646720
2612.0,1109.0,683834909291606017
2785.0,1060.0,683828599284170753
3341.0,1343.0,683773439333797890
6455.0,3287.0,683742671509258241
7316.0,2887.0,683515932363329536
3166.0,960.0,683498322573824003
2643.0,993.0,683481228088049664
2416.0,670.0,683462770029932544
3881.0,1601.0,683449695444799489
7605.0,2388.0,683391852557561860
2897.0,911.0,683357973142474752
2858.0,1042.0,683142553609318400
3390.0,907.0,683111407806746624
2156.0,655.0,683098815881154561
1981.0,560.0,683078886620553216
2162.0,734.0,683030066213818368
36720.0,16495.0,682962037429899265
1779.0,167.0,682808988178739200
2475.0,1104.0,682788441537560576
1511.0,437.0,682750546109968385
1316.0,356.0,682697186228989953
3055.0,1076.0,682662431982772225
2065.0,596.0,682638830361513985
3422.0,1152.0,682429480204398592
7543.0,1762.0,682406705142087680
2219.0,670.0,682393905736888321
1649.0,460.0,682389078323662849
3047.0,969.0,682303737705140231
4131.0,1201.0,682259524040966145
3239.0,1157.0,682242692827447297
18172.0,9817.0,682088079302213632
4926.0,1673.0,682059653698686977
3186.0,928.0,682047327939461121
6549.0,1992.0,682032003584274432
3120.0,1522.0,682003177596559360
2794.0,1025.0,681981167097122816
2465.0,814.0,681891461017812993
12738.0,4036.0,681694085539872773
1767.0,438.0,681679526984871937
2632.0,918.0,681654059175129088
1897.0,461.0,681610798867845120
3541.0,1292.0,681579835668455424
14241.0,5729.0,681523177663676416
1639.0,275.0,681340665377193984
9247.0,4063.0,681339448655802368
2639.0,739.0,681320187870711809
3920.0,1804.0,681302363064414209
3203.0,946.0,681297372102656000
3215.0,1091.0,681281657291280384
1450.0,267.0,681261549936340994
1482.0,526.0,681242418453299201
2400.0,481.0,681231109724700672
3687.0,1477.0,681193455364796417
2415.0,653.0,680970795137544192
4565.0,1992.0,680959110691590145
3189.0,1046.0,680940246314430465
2076.0,432.0,680934982542561280
2391.0,619.0,680913438424612864
1757.0,361.0,680889648562991104
3447.0,1311.0,680836378243002368
2150.0,660.0,680805554198020098
2371.0,814.0,680801747103793152
2836.0,1026.0,680798457301471234
2625.0,695.0,680609293079592961
3607.0,1326.0,680583894916304897
4217.0,1900.0,680497766108381184
1710.0,482.0,680494726643068929
2537.0,739.0,680473011644985345
1438.0,497.0,680440374763077632
1459.0,291.0,680221482581123072
2825.0,1157.0,680206703334408192
2133.0,498.0,680191257256136705
3874.0,1540.0,680176173301628928
2315.0,729.0,680161097740095489
3588.0,1725.0,680145970311643136
2280.0,935.0,680130881361686529
2703.0,899.0,680115823365742593
3548.0,1363.0,680100725817409536
12744.0,8930.0,680085611152338944
2565.0,859.0,680070545539371008
2565.0,859.0,680070545539371008
1983.0,644.0,679877062409191424
2176.0,655.0,679872969355714560
2441.0,616.0,679862121895714818
2833.0,1220.0,679854723806179328
2350.0,754.0,679844490799091713
36062.0,13899.0,679828447187857408
3075.0,1094.0,679777920601223168
2083.0,781.0,679736210798047232
2156.0,816.0,679729593985699840
1655.0,461.0,679722016581222400
4766.0,2066.0,679530280114372609
2628.0,716.0,679527802031484928
3344.0,1251.0,679511351870550016
3146.0,1452.0,679503373272485890
2079.0,632.0,679475951516934144
31351.0,18624.0,679462823135686656
2353.0,1193.0,679405845277462528
21114.0,7957.0,679158373988876288
2757.0,1017.0,679148763231985668
2945.0,1143.0,679132435750195208
5914.0,2552.0,679111216690831360
16810.0,7998.0,679062614270468097
2227.0,658.0,679047485189439488
2797.0,1210.0,679001094530465792
2276.0,1144.0,678991772295516161
1637.0,453.0,678969228704284672
2538.0,889.0,678800283649069056
3423.0,1149.0,678798276842360832
2781.0,893.0,678774928607469569
3489.0,1343.0,678767140346941444
1618.0,468.0,678764513869611008
7043.0,3233.0,678755239630127104
3721.0,1657.0,678740035362037760
5541.0,2392.0,678708137298427904
2832.0,1440.0,678675843183484930
2030.0,401.0,678643457146150913
3956.0,1520.0,678446151570427904
5417.0,2505.0,678424312106393600
4167.0,1778.0,678410210315247616
78394.0,31342.0,678399652199309312
1576.0,408.0,678396796259975168
1852.0,418.0,678389028614488064
2405.0,898.0,678380236862578688
1711.0,529.0,678341075375947776
1292.0,249.0,678334497360859136
11295.0,6003.0,678278586130948096
1573.0,358.0,678255464182861824
1886.0,375.0,678023323247357953
13472.0,6236.0,678021115718029313
3378.0,1659.0,677961670166224897
1329.0,399.0,677918531514703872
4769.0,2036.0,677895101218201600
3014.0,965.0,677716515794329600
3339.0,1419.0,677700003327029250
1212.0,314.0,677698403548192770
2455.0,839.0,677687604918272002
3281.0,1478.0,677673981332312066
1926.0,941.0,677662372920729601
1826.0,783.0,677644091929329666
2098.0,691.0,677573743309385728
1280.0,454.0,677565715327688705
2407.0,1128.0,677557565589463040
6845.0,3605.0,677547928504967168
1049.0,223.0,677530072887205888
2994.0,1747.0,677335745548390400
1324.0,280.0,677334615166730240
1069.0,232.0,677331501395156992
3586.0,1476.0,677328882937298944
1618.0,521.0,677314812125323265
1217.0,394.0,677301033169788928
1953.0,696.0,677269281705472000
3495.0,1613.0,677228873407442944
2701.0,904.0,677187300187611136
2729.0,1047.0,676975532580409345
2202.0,798.0,676957860086095872
1279.0,389.0,676949632774234114
2134.0,847.0,676948236477857792
1699.0,362.0,676946864479084545
2039.0,737.0,676942428000112642
12517.0,4828.0,676936541936185344
2933.0,1779.0,676916996760600576
2208.0,708.0,676897532954456065
2062.0,696.0,676864501615042560
22544.0,15278.0,676821958043033607
1786.0,650.0,676819651066732545
1395.0,414.0,676811746707918848
4918.0,1983.0,676776431406465024
2835.0,941.0,676617503762681856
1062.0,197.0,676613908052996102
1859.0,425.0,676606785097199616
1139.0,375.0,676603393314578432
4492.0,2120.0,676593408224403456
899.0,119.0,676590572941893632
2275.0,764.0,676588346097852417
1175.0,268.0,676582956622721024
2533.0,1097.0,676575501977128964
1834.0,542.0,676533798876651520
1489.0,521.0,676496375194980353
11390.0,4580.0,676470639084101634
1686.0,647.0,676440007570247681
1369.0,337.0,676430933382295552
2041.0,530.0,676263575653122048
1184.0,281.0,676237365392908289
74936.0,30410.0,676219687039057920
1705.0,563.0,676215927814406144
2234.0,1007.0,676191832485810177
1875.0,646.0,676146341966438401
2122.0,1135.0,676121918416756736
2772.0,1138.0,676101918813499392
2945.0,1390.0,676098748976615425
1281.0,427.0,676089483918516224
1577.0,560.0,675898130735476737
2077.0,834.0,675891555769696257
2335.0,934.0,675888385639251968
4087.0,1368.0,675878199931371520
1590.0,551.0,675870721063669760
2632.0,1261.0,675853064436391936
922.0,140.0,675849018447167488
2224.0,857.0,675845657354215424
1484.0,522.0,675822767435051008
1022.0,230.0,675820929667219457
10027.0,3327.0,675798442703122432
1593.0,456.0,675781562965868544
1136.0,333.0,675740360753160193
1849.0,794.0,675710890956750848
1927.0,664.0,675707330206547968
628.0,93.0,675706639471788032
1779.0,403.0,675534494439489536
1155.0,370.0,675531475945709568
1014.0,281.0,675522403582218240
1260.0,451.0,675517828909424640
16746.0,5673.0,675501075957489664
3065.0,1256.0,675497103322386432
1266.0,580.0,675489971617296384
1801.0,954.0,675483430902214656
1481.0,552.0,675432746517426176
1647.0,501.0,675372240448454658
1022.0,225.0,675362609739206656
31696.0,16305.0,675354435921575936
3818.0,2202.0,675349384339542016
2694.0,1247.0,675334060156301312
3489.0,1543.0,675166823650848770
6093.0,2500.0,675153376133427200
3651.0,1636.0,675149409102012420
917.0,227.0,675147105808306176
1152.0,287.0,675146535592706048
2082.0,869.0,675145476954566656
1270.0,469.0,675135153782571009
1897.0,762.0,675113801096802304
936.0,244.0,675111688094527488
2721.0,1101.0,675109292475830276
1038.0,313.0,675047298674663426
2632.0,1151.0,675015141583413248
956.0,216.0,675006312288268288
1519.0,452.0,675003128568291329
2181.0,1071.0,674999807681908736
835.0,344.0,674805413498527744
2931.0,827.0,674800520222154752
2446.0,1056.0,674793399141146624
1073.0,242.0,674790488185167872
792.0,203.0,674788554665512960
1946.0,1153.0,674781762103414784
1085.0,454.0,674774481756377088
1775.0,757.0,674767892831932416
771.0,229.0,674764817387900928
1330.0,431.0,674754018082705410
1425.0,448.0,674752233200820224
1356.0,532.0,674743008475090944
472.0,49.0,674742531037511680
1068.0,375.0,674739953134403584
627.0,85.0,674737130913071104
1114.0,458.0,674690135443775488
1564.0,626.0,674670581682434048
886.0,243.0,674664755118911488
1393.0,475.0,674646392044941312
1002.0,260.0,674644256330530816
1639.0,560.0,674638615994089473
1460.0,555.0,674632714662858753
913.0,95.0,674606911342424069
6045.0,1967.0,674468880899788800
1030.0,346.0,674447403907457024
1080.0,378.0,674436901579923456
1392.0,524.0,674422304705744896
667.0,133.0,674416750885273600
1163.0,447.0,674410619106390016
1469.0,553.0,674394782723014656
825.0,305.0,674372068062928900
546.0,72.0,674330906434379776
1364.0,504.0,674318007229923329
10996.0,6723.0,674307341513269249
14257.0,5653.0,674291837063053312
1521.0,709.0,674271431610523648
884.0,222.0,674269164442398721
1591.0,812.0,674265582246694913
1267.0,436.0,674262580978937856
1418.0,526.0,674255168825880576
736.0,163.0,674082852460433408
958.0,274.0,674075285688614912
6177.0,2119.0,674063288070742018
3187.0,1247.0,674053186244734976
1402.0,473.0,674051556661161984
1363.0,617.0,674045139690631169
697.0,122.0,674042553264685056
1068.0,401.0,674038233588723717
825.0,202.0,674036086168010753
1714.0,1179.0,674024893172875264
1091.0,292.0,674019345211760640
1508.0,610.0,674014384960745472
1153.0,339.0,674008982932058114
1892.0,918.0,673956914389192708
1130.0,359.0,673919437611909120
3074.0,1572.0,673906403526995968
907.0,245.0,673887867907739649
2986.0,721.0,673716320723169284
3430.0,1980.0,673715861853720576
1005.0,290.0,673711475735838725
806.0,263.0,673709992831262724
1042.0,275.0,673708611235921920
1061.0,378.0,673707060090052608
1216.0,394.0,673705679337693185
1384.0,545.0,673700254269775872
3840.0,1896.0,673697980713705472
1680.0,621.0,673689733134946305
1219.0,476.0,673688752737402881
1393.0,415.0,673686845050527744
1324.0,448.0,673680198160809984
1212.0,352.0,673662677122719744
695.0,228.0,673656262056419329
1066.0,346.0,673636718965334016
1550.0,691.0,673612854080196609
1148.0,345.0,673583129559498752
805.0,264.0,673580926094458881
1340.0,544.0,673576835670777856
989.0,291.0,673363615379013632
1400.0,645.0,673359818736984064
1453.0,554.0,673355879178194945
1603.0,520.0,673352124999274496
726.0,201.0,673350198937153538
2423.0,1211.0,673345638550134785
934.0,258.0,673343217010679808
1232.0,552.0,673342308415348736
12989.0,7566.0,673320132811366400
849.0,244.0,673317986296586240
7251.0,3049.0,673295268553605120
1037.0,347.0,673270968295534593
1375.0,694.0,673240798075449344
2169.0,812.0,673213039743795200
1633.0,603.0,673148804208660480
1899.0,684.0,672997845381865473
915.0,274.0,672995267319328768
954.0,277.0,672988786805112832
1213.0,521.0,672984142909456390
1754.0,972.0,672980819271634944
1619.0,866.0,672975131468300288
919.0,341.0,672970152493887488
1281.0,521.0,672968025906282496
1373.0,618.0,672964561327235073
1321.0,476.0,672902681409806336
878.0,405.0,672898206762672129
1496.0,809.0,672884426393653248
998.0,338.0,672877615439593473
1267.0,540.0,672834301050937345
1214.0,468.0,672828477930868736
942.0,303.0,672640509974827008
1244.0,466.0,672622327801233409
1185.0,555.0,672614745925664768
1077.0,375.0,672609152938721280
1075.0,383.0,672604026190569472
1290.0,587.0,672594978741354496
925.0,324.0,672591762242805761
697.0,177.0,672591271085670400
999.0,350.0,672538107540070400
610.0,161.0,672523490734551040
1072.0,417.0,672488522314567680
1087.0,571.0,672482722825261057
695.0,123.0,672481316919734272
1395.0,673.0,672475084225949696
1306.0,510.0,672466075045466113
6212.0,3223.0,672272411274932228
1442.0,593.0,672267570918129665
1096.0,324.0,672264251789176834
2726.0,1473.0,672256522047614977
1385.0,708.0,672254177670729728
1678.0,574.0,672248013293752320
662.0,147.0,672245253877968896
863.0,310.0,672239279297454080
1767.0,964.0,672231046314901505
756.0,203.0,672222792075620352
2178.0,1105.0,672205392827572224
983.0,353.0,672169685991993344
842.0,341.0,672160042234327040
1684.0,663.0,672139350159835138
2300.0,1095.0,672125275208069120
967.0,355.0,672095186491711488
908.0,351.0,672082170312290304
1248.0,496.0,672068090318987265
8196.0,4004.0,671896809300709376
1269.0,551.0,671891728106971137
3335.0,1332.0,671882082306625538
1362.0,637.0,671879137494245376
1207.0,528.0,671874878652489728
1081.0,474.0,671866342182637568
869.0,418.0,671855973984772097
6800.0,3323.0,671789708968640512
1152.0,480.0,671768281401958400
1612.0,867.0,671763349865160704
1302.0,729.0,671744970634719232
722.0,228.0,671743150407421952
1390.0,726.0,671735591348891648
8197.0,4168.0,671729906628341761
12330.0,6931.0,671561002136281088
877.0,201.0,671550332464455680
1294.0,568.0,671547767500775424
1891.0,1007.0,671544874165002241
1052.0,539.0,671542985629241344
899.0,371.0,671538301157904385
1128.0,388.0,671536543010570240
984.0,553.0,671533943490011136
813.0,248.0,671528761649688577
1344.0,505.0,671520732782923777
914.0,284.0,671518598289059840
1539.0,672.0,671511350426865664
6736.0,3410.0,671504605491109889
885.0,428.0,671497587707535361
964.0,456.0,671488513339211776
559.0,187.0,671486386088865792
729.0,222.0,671485057807351808
1390.0,713.0,671390180817915904
1064.0,286.0,671362598324076544
384.0,147.0,671357843010908160
469.0,114.0,671355857343524864
921.0,411.0,671347597085433856
706.0,201.0,671186162933985280
1077.0,323.0,671182547775299584
844.0,330.0,671166507850801152
1587.0,1049.0,671163268581498880
358.0,77.0,671159727754231808
686.0,208.0,671154572044468225
643.0,146.0,671151324042559489
643.0,205.0,671147085991960577
1109.0,626.0,671141549288370177
888.0,382.0,671138694582165504
718.0,184.0,671134062904504320
3369.0,2410.0,671122204919246848
1317.0,745.0,671115716440031232
1107.0,418.0,671109016219725825
1071.0,280.0,670995969505435648
23766.0,8324.0,670842764863651840
562.0,185.0,670840546554966016
1074.0,664.0,670838202509447168
425.0,117.0,670833812859932673
704.0,208.0,670832455012716544
5312.0,3888.0,670826280409919488
742.0,179.0,670823764196741120
585.0,91.0,670822709593571328
3051.0,1472.0,670815497391357952
1087.0,260.0,670811965569282048
1122.0,467.0,670807719151067136
1885.0,915.0,670804601705242624
331.0,84.0,670803562457407488
710.0,227.0,670797304698376195
795.0,262.0,670792680469889025
637.0,224.0,670789397210615808
578.0,194.0,670786190031921152
797.0,369.0,670783437142401025
1495.0,735.0,670782429121134593
762.0,277.0,670780561024270336
319.0,70.0,670778058496974848
1039.0,401.0,670764103623966721
425.0,105.0,670755717859713024
923.0,493.0,670733412878163972
798.0,342.0,670727704916926465
1152.0,462.0,670717338665226240
748.0,356.0,670704688707301377
570.0,230.0,670691627984359425
726.0,270.0,670679630144274432
238.0,40.0,670676092097810432
10282.0,4793.0,670668383499735048
1454.0,709.0,670474236058800128
345.0,83.0,670468609693655041
934.0,522.0,670465786746662913
528.0,194.0,670452855871037440
1156.0,624.0,670449342516494336
6474.0,1896.0,670444955656130560
627.0,190.0,670442337873600512
1015.0,491.0,670435821946826752
1354.0,619.0,670434127938719744
318.0,106.0,670433248821026816
1331.0,592.0,670428280563085312
505.0,153.0,670427002554466305
1259.0,605.0,670421925039075328
602.0,302.0,670420569653809152
550.0,306.0,670417414769758208
1949.0,848.0,670411370698022913
537.0,210.0,670408998013820928
410.0,144.0,670403879788544000
544.0,194.0,670385711116361728
721.0,259.0,670374371102445568
319.0,62.0,670361874861563904
412.0,103.0,670338931251150849
3743.0,1162.0,670319130621435904
416.0,126.0,670303360680108032
675.0,270.0,670290420111441920
989.0,316.0,670093938074779648
673.0,244.0,670086499208155136
2139.0,1170.0,670079681849372674
1508.0,757.0,670073503555706880
599.0,225.0,670069087419133954
734.0,318.0,670061506722140161
642.0,315.0,670055038660800512
621.0,163.0,670046952931721218
725.0,106.0,670040295598354432
572.0,260.0,670037189829525505
318.0,87.0,670003130994700288
313.0,81.0,669993076832759809
426.0,149.0,669972011175813120
292.0,55.0,669970042633789440
487.0,153.0,669942763794931712
362.0,94.0,669926384437997569
226.0,53.0,669923323644657664
778.0,377.0,669753178989142016
253.0,63.0,669749430875258880
496.0,87.0,669684865554620416
374.0,104.0,669683899023405056
342.0,129.0,669682095984410625
646.0,269.0,669680153564442624
780.0,412.0,669661792646373376
3399.0,1730.0,669625907762618368
916.0,345.0,669603084620980224
496.0,142.0,669597912108789760
1439.0,884.0,669583744538451968
422.0,132.0,669573570759163904
1535.0,974.0,669571471778410496
227.0,53.0,669567591774625800
372.0,117.0,669564461267722241
348.0,71.0,669393256313184256
1276.0,696.0,669375718304980992
478.0,171.0,669371483794317312
442.0,144.0,669367896104181761
600.0,216.0,669363888236994561
357.0,114.0,669359674819481600
2596.0,1227.0,669354382627049472
605.0,248.0,669353438988365824
418.0,171.0,669351434509529089
978.0,399.0,669328503091937280
555.0,114.0,669327207240699904
484.0,199.0,669324657376567296
1149.0,389.0,669216679721873412
423.0,152.0,669214165781868544
972.0,451.0,669203728096960512
629.0,298.0,669037058363662336
721.0,357.0,669015743032369152
557.0,237.0,669006782128353280
20141.0,6097.0,669000397445533696
424.0,217.0,668994913074286592
720.0,323.0,668992363537309700
649.0,316.0,668989615043424256
871.0,441.0,668988183816871936
534.0,157.0,668986018524233728
520.0,288.0,668981893510119424
770.0,333.0,668979806671884288
1250.0,555.0,668975677807423489
139.0,21.0,668967877119254528
679.0,231.0,668960084974809088
266.0,67.0,668955713004314625
252.0,55.0,668932921458302977
308.0,97.0,668902994700836864
384.0,143.0,668892474547511297
509.0,289.0,668872652652679168
436.0,153.0,668852170888998912
422.0,128.0,668826086256599040
540.0,252.0,668815180734689280
679.0,351.0,668779399630725120
505.0,210.0,668655139528511488
847.0,508.0,668645506898350081
843.0,507.0,668643542311546881
1032.0,521.0,668641109086707712
1003.0,469.0,668636665813057536
2692.0,1543.0,668633411083464705
682.0,302.0,668631377374486528
304.0,109.0,668627278264475648
369.0,123.0,668625577880875008
1369.0,722.0,668623201287675904
191.0,38.0,668620235289837568
595.0,304.0,668614819948453888
1601.0,1024.0,668587383441514497
233.0,50.0,668567822092664832
493.0,215.0,668544745690562560
436.0,203.0,668542336805281792
244.0,67.0,668537837512433665
446.0,213.0,668528771708952576
312.0,101.0,668507509523615744
394.0,126.0,668496999348633600
412.0,225.0,668484198282485761
440.0,141.0,668480044826800133
858.0,491.0,668466899341221888
603.0,284.0,668297328638447616
234.0,29.0,668291999406125056
483.0,130.0,668286279830867968
793.0,223.0,668274247790391296
536.0,222.0,668268907921326080
1245.0,573.0,668256321989451776
937.0,460.0,668248472370458624
5952.0,2712.0,668237644992782336
288.0,97.0,668226093875376128
497.0,187.0,668221241640230912
538.0,186.0,668204964695683073
624.0,191.0,668190681446379520
467.0,184.0,668171859951755264
479.0,296.0,668154635664932864
554.0,269.0,668142349051129856
646.0,224.0,668113020489474048
1207.0,758.0,667937095915278337
285.0,108.0,667924896115245057
200.0,54.0,667915453470232577
475.0,282.0,667911425562669056
825.0,360.0,667902449697558528
1799.0,1028.0,667886921285246976
788.0,449.0,667885044254572545
379.0,113.0,667878741721415682
605.0,384.0,667873844930215936
2907.0,983.0,667866724293877760
234.0,74.0,667861340749471744
285.0,60.0,667832474953625600
1015.0,469.0,667806454573760512
316.0,93.0,667801013445750784
675.0,314.0,667793409583771648
397.0,235.0,667782464991965184
225.0,52.0,667773195014021121
421.0,204.0,667766675769573376
365.0,143.0,667728196545200128
462.0,306.0,667724302356258817
0.0,33.0,667550904950915073
0.0,32.0,667550882905632768
5536.0,2152.0,667549055577362432
326.0,116.0,667546741521195010
825.0,499.0,667544320556335104
197.0,62.0,667538891197542400
786.0,498.0,667534815156183040
448.0,225.0,667530908589760512
1623.0,1064.0,667524857454854144
352.0,182.0,667517642048163840
6509.0,2022.0,667509364010450944
519.0,212.0,667502640335572993
501.0,254.0,667495797102141441
509.0,212.0,667491009379606528
244.0,90.0,667470559035432960
183.0,56.0,667455448082227200
297.0,84.0,667453023279554560
749.0,547.0,667443425659232256
431.0,225.0,667437278097252352
297.0,82.0,667435689202614272
449.0,213.0,667405339315146752
186.0,52.0,667393430834667520
351.0,153.0,667369227918143488
466.0,227.0,667211855547486208
590.0,248.0,667200525029539841
368.0,94.0,667192066997374976
714.0,380.0,667188689915760640
13672.0,5856.0,667182792070062081
184.0,51.0,667177989038297088
582.0,435.0,667176164155375616
234.0,74.0,667174963120574464
211.0,79.0,667171260800061440
2571.0,1072.0,667165590075940865
248.0,60.0,667160273090932737
45609.0,16066.0,667152164079423490
4373.0,2072.0,667138269671505920
319.0,123.0,667119796878725120
316.0,118.0,667090893657276420
380.0,113.0,667073648344346624
80.0,14.0,667070482143944705
161.0,42.0,667065535570550784
210.0,49.0,667062181243039745
176.0,47.0,667044094246576128
429.0,211.0,667012601033924608
232.0,84.0,666996132027977728
2432.0,928.0,666983947667116034
770.0,525.0,666837028449972224
201.0,77.0,666835007768551424
243.0,88.0,666826780179869698
490.0,236.0,666817836334096384
222.0,85.0,666804364988780544
719.0,459.0,666786068205871104
367.0,179.0,666781792255496192
330.0,161.0,666776908487630848
223.0,62.0,666739327293083650
408.0,206.0,666701168228331520
176.0,45.0,666691418707132416
1062.0,583.0,666649482315059201
220.0,76.0,666644823164719104
490.0,199.0,666454714377183233
98.0,18.0,666447344410484738
116.0,42.0,666437273139982337
159.0,47.0,666435652385423360
300.0,177.0,666430724426358785
156.0,77.0,666428276349472768
301.0,106.0,666421158376562688
115.0,42.0,666418789513326592
413.0,299.0,666411507551481857
100.0,32.0,666407126856765440
157.0,75.0,666396247373291520
173.0,83.0,666373753744588802
726.0,519.0,666362758909284353
197.0,66.0,666353288456101888
274.0,128.0,666345417576210432
181.0,83.0,666337882303524864
467.0,319.0,666293911632134144
137.0,62.0,666287406224695296
161.0,71.0,666273097616637952
96.0,32.0,666268910803644416
13650.0,5987.0,666104133288665088
70.0,11.0,666102155909144576
143.0,60.0,666099513787052032
154.0,67.0,666094000022159362
103.0,41.0,666082916733198337
297.0,146.0,666073100786774016
136.0,53.0,666071193221509120
448.0,197.0,666063827256086533
105.0,54.0,666058600524156928
268.0,126.0,666057090499244032
410.0,220.0,666055525042405380
1125.0,777.0,666051853826850816
125.0,51.0,666050758794694657
96.0,39.0,666049248165822465
273.0,132.0,666044226329800704
112.0,41.0,666033412701032449
121.0,42.0,666029285002620928
2413.0,462.0,666020888022790149
